,reasons.count,reasons.items,referralId,venue.categories,venue.delivery.id,venue.delivery.provider.icon.name,venue.delivery.provider.icon.prefix,venue.delivery.provider.icon.sizes,venue.delivery.provider.name,venue.delivery.url,venue.events.count,venue.events.items,venue.events.summary,venue.id,venue.location.address,venue.location.cc,venue.location.city,venue.location.country,venue.location.crossStreet,venue.location.formattedAddress,venue.location.labeledLatLngs,venue.location.lat,venue.location.lng,venue.location.neighborhood,venue.location.postalCode,venue.location.state,venue.name,venue.photos.count,venue.photos.groups,venue.venuePage.id,type
0,0,"[{'summary': 'This spot is popular', 'type': 'general', 'reasonName': 'globalInteractionReason'}]",e-3-5272781811d2ce55eb5981df-0,"[{'id': '4bf58dd8d48988d16a941735', 'name': 'Bakery', 'pluralName': 'Bakeries', 'shortName': 'Bakery', 'icon': {'prefix': 'https://ss3.4sqi.net/img/categories_v2/food/bakery_', 'suffix': '.png'}, 'primary': True}]",,,,,,,,,,5272781811d2ce55eb5981df,2343 3rd St,US,San Francisco,United States,at 20th St,"['2343 3rd St (at 20th St)', 'San Francisco, CA 94107', 'United States']","[{'label': 'display', 'lat': 37.759746, 'lng': -122.38823}]",37.759746,-122.38823,,94107,CA,Neighbor Bakehouse,0,[],,Bakery
1,0,"[{'summary': 'This spot is popular', 'type': 'general', 'reasonName': 'globalInteractionReason'}]",e-3-58cc4d2fe0adac17bbf4838e-1,"[{'id': '5293a7563cf9994f4e043a44', 'name': 'Russian Restaurant', 'pluralName': 'Russian Restaurants', 'shortName': 'Russian', 'icon': {'prefix': 'https://ss3.4sqi.net/img/categories_v2/food/russian_', 'suffix': '.png'}, 'primary': True}]",,,,,,,,,,58cc4d2fe0adac17bbf4838e,380 Bush St,US,San Francisco,United States,at Kearny St,"['380 Bush St (at Kearny St)', 'San Francisco, CA 94104', 'United States']","[{'label': 'display', 'lat': 37.79094301071348, 'lng': -122.40387738626474}]",37.79094301071348,-122.40387738626474,,94104,CA,Pushkin,0,[],,Russian Restaurant
2,0,"[{'summary': 'This spot is popular', 'type': 'general', 'reasonName': 'globalInteractionReason'}]",e-3-5989205d64c8e12750122427-2,"[{'id': '4bf58dd8d48988d1d2941735', 'name': 'Sushi Restaurant', 'pluralName': 'Sushi Restaurants', 'shortName': 'Sushi', 'icon': {'prefix': 'https://ss3.4sqi.net/img/categories_v2/food/sushi_', 'suffix': '.png'}, 'primary': True}]",,,,,,,,,,5989205d64c8e12750122427,1040 Polk St,US,San Francisco,United States,,"['1040 Polk St', 'San Francisco, CA 94109', 'United States']","[{'label': 'display', 'lat': 37.7867804695193, 'lng': -122.41988550891186}]",37.7867804695193,-122.41988550891186,Lower Nob Hill,94109,CA,Kuma Sushi + Sake,0,[],,Sushi Restaurant
3,0,"[{'summary': 'This spot is popular', 'type': 'general', 'reasonName': 'globalInteractionReason'}]",e-3-4bae4f93f964a5200fa13be3-3,"[{'id': '4bf58dd8d48988d1cb941735', 'name': 'Food Truck', 'pluralName': 'Food Trucks', 'shortName': 'Food Truck', 'icon': {'prefix': 'https://ss3.4sqi.net/img/categories_v2/food/streetfood_', 'suffix': '.png'}, 'primary': True}]",,,,,,,,,,4bae4f93f964a5200fa13be3,Ferry Plaza Farmers Market,US,San Francisco,United States,,"['Ferry Plaza Farmers Market', 'San Francisco, CA 94105', 'United States']","[{'label': 'display', 'lat': 37.7953184214281, 'lng': -122.39334567764996}]",37.7953184214281,-122.39334567764996,,94105,CA,Primavera,0,[],92051828,Food Truck
4,0,"[{'summary': 'This spot is popular', 'type': 'general', 'reasonName': 'globalInteractionReason'}]",e-3-55554f0a498e7ffc6883325c-4,"[{'id': '4bf58dd8d48988d16d941735', 'name': 'Café', 'pluralName': 'Cafés', 'shortName': 'Café', 'icon': {'prefix': 'https://ss3.4sqi.net/img/categories_v2/food/cafe_', 'suffix': '.png'}, 'primary': True}]",,,,,,,,,,55554f0a498e7ffc6883325c,1160 Howard St,US,San Francisco,United States,at 8th St,"['1160 Howard St (at 8th St)', 'San Francisco, CA 94103', 'United States']","[{'label': 'display', 'lat': 37.77701166643817, 'lng': -122.41089851840502}]",37.77701166643817,-122.41089851840502,,94103,CA,Vive La Tarte,0,[],,Café
5,0,"[{'summary': 'This spot is popular', 'type': 'general', 'reasonName': 'globalInteractionReason'}]",e-3-4570691ff964a5205c3e1fe3-5,"[{'id': '4bf58dd8d48988d10e941735', 'name': 'Greek Restaurant', 'pluralName': 'Greek Restaurants', 'shortName': 'Greek', 'icon': {'prefix': 'https://ss3.4sqi.net/img/categories_v2/food/greek_', 'suffix': '.png'}, 'primary': True}]",,,,,,,,,,4570691ff964a5205c3e1fe3,200 Jackson St,US,San Francisco,United States,at Front St,"['200 Jackson St (at Front St)', 'San Francisco, CA 94111', 'United States']","[{'label': 'display', 'lat': 37.79688301339759, 'lng': -122.39965473755873}]",37.79688301339759,-122.39965473755873,,94111,CA,Kokkari Estiatorio,0,[],,Greek Restaurant
6,0,"[{'summary': 'This spot is popular', 'type': 'general', 'reasonName': 'globalInteractionReason'}]",e-3-4ca4d6a3d7c33704acd2ac62-6,"[{'id': '4bf58dd8d48988d16a941735', 'name': 'Bakery', 'pluralName': 'Bakeries', 'shortName': 'Bakery', 'icon': {'prefix': 'https://ss3.4sqi.net/img/categories_v2/food/bakery_', 'suffix': '.png'}, 'primary': True}]",,,,,,,,,,4ca4d6a3d7c33704acd2ac62,1268 Valencia St,US,San Francisco,United States,at 24th St,"['1268 Valencia St (at 24th St)', 'San Francisco, CA 94110', 'United States']","[{'label': 'display', 'lat': 37.75249756924551, 'lng': -122.42081246253653}]",37.75249756924551,-122.42081246253653,,94110,CA,Arizmendi Bakery Panaderia & Pizzeria,0,[],92493501,Bakery
7,0,"[{'summary': 'This spot is popular', 'type': 'general', 'reasonName': 'globalInteractionReason'}]",e-3-44088735f964a52058301fe3-7,"[{'id': '4bf58dd8d48988d1ca941735', 'name': 'Pizza Place', 'pluralName': 'Pizza Places', 'shortName': 'Pizza', 'icon': {'prefix': 'https://ss3.4sqi.net/img/categories_v2/food/pizza_', 'suffix': '.png'}, 'primary': True}]",,,,,,,,,,44088735f964a52058301fe3,3611 18th St,US,San Francisco,United States,btwn Guerrero St & Oakwood St,"['3611 18th St (btwn Guerrero St & Oakwood St)', 'San Francisco, CA 94110', 'United States']","[{'label': 'display', 'lat': 37.761528004962244, 'lng': -122.4242371423357}]",37.761528004962244,-122.4242371423357,Mission Dolores,94110,CA,Pizzeria Delfina,0,[],,Pizza Place
8,0,"[{'summary': 'This spot is popular', 'type': 'general', 'reasonName': 'globalInteractionReason'}]",e-3-4fc541fb7716c8a1e24eec6c-8,"[{'id': '4bf58dd8d48988d146941735', 'name': 'Deli / Bodega', 'pluralName': 'Delis / Bodegas', 'shortName': 'Deli / Bodega', 'icon': {'prefix': 'https://ss3.4sqi.net/img/categories_v2/food/deli_', 'suffix': '.png'}, 'primary': True}]",,,,,,,,,,4fc541fb7716c8a1e24eec6c,3000 20th St,US,San Francisco,United States,at Florida St,"['3000 20th St (at Florida St)', 'San Francisco, CA 94110', 'United States']","[{'label': 'display', 'lat': 37.759250878333965, 'lng': -122.41102512638287}]",37.759250878333965,-122.41102512638287,,94110,CA,Salumeria,0,[],,Deli / Bodega
9,0,"[{'summary': 'This spot is popular', 'type': 'general', 'reasonName': 'globalInteractionReason'}]",e-3-56676578498ea3606c450af7-9,"[{'id': '4bf58dd8d48988d16b941735', 'name': 'Brazilian Restaurant', 'pluralName': 'Brazilian Restaurants', 'shortName': 'Brazilian', 'icon': {'prefix': 'https://ss3.4sqi.net/img/categories_v2/food/argentinian_', 'suffix': '.png'}, 'primary': True}]",563175,/delivery_provider_grubhub_20180129.png,https://fastly.4sqi.net/img/general/cap/,"[40, 50]",grubhub,https://www.grubhub.com/restaurant/cafe-de-casa-2701-leavenworth-st-san-francisco/563175?affiliate=1131&utm_source=foursquare-affiliate-network&utm_medium=affiliate&utm_campaign=1131&utm_content=563175,,,,56676578498ea3606c450af7,2701 Leavenworth St,US,San Francisco,United States,at Columbus Ave,"['2701 Leavenworth St (at Columbus Ave)', 'San Francisco, CA 94133', 'United States']","[{'label': 'display', 'lat': 37.80607956874178, 'lng': -122.41855703089183}]",37.80607956874178,-122.41855703089183,,94133,CA,Cafe de Casa,0,[],,Brazilian Restaurant
10,0,"[{'summary': 'This spot is popular', 'type': 'general', 'reasonName': 'globalInteractionReason'}]",e-3-55203ab9498eb807ad0e6da5-10,"[{'id': '4bf58dd8d48988d16a941735', 'name': 'Bakery', 'pluralName': 'Bakeries', 'shortName': 'Bakery', 'icon': {'prefix': 'https://ss3.4sqi.net/img/categories_v2/food/bakery_', 'suffix': '.png'}, 'primary': True}]",,,,,,,,,,55203ab9498eb807ad0e6da5,397 Arguello Blvd,US,San Francisco,United States,at Clement St,"['397 Arguello Blvd (at Clement St)', 'San Francisco, CA 94118', 'United States']","[{'label': 'display', 'lat': 37.78344069001445, 'lng': -122.459102169183}]",37.78344069001445,-122.459102169183,,94118,CA,Arsicault Bakery,0,[],,Bakery
11,0,"[{'summary': 'This spot is popular', 'type': 'general', 'reasonName': 'globalInteractionReason'}]",e-3-43fed1fff964a520fe2f1fe3-11,"[{'id': '4bf58dd8d48988d1ce941735', 'name': 'Seafood Restaurant', 'pluralName': 'Seafood Restaurants', 'shortName': 'Seafood', 'icon': {'prefix': 'https://ss3.4sqi.net/img/categories_v2/food/seafood_', 'suffix': '.png'}, 'primary': True}]",,,,,,,,,,43fed1fff964a520fe2f1fe3,1 Ferry Bldg #11,US,San Francisco,United States,at The Embarcadero,"['1 Ferry Bldg #11 (at The Embarcadero)', 'San Francisco, CA 94111', 'United States']","[{'label': 'display', 'lat': 37.79600874910789, 'lng': -122.39357690993523}]",37.79600874910789,-122.39357690993523,,94111,CA,Hog Island Oyster Co.,0,[],52311147,Seafood Restaurant
12,0,"[{'summary': 'This spot is popular', 'type': 'general', 'reasonName': 'globalInteractionReason'}]",e-3-455877bff964a520453d1fe3-12,"[{'id': '4bf58dd8d48988d153941735', 'name': 'Burrito Place', 'pluralName': 'Burrito Places', 'shortName': 'Burritos', 'icon': {'prefix': 'https://ss3.4sqi.net/img/categories_v2/food/burrito_', 'suffix': '.png'}, 'primary': True}]",,,,,,,,,,455877bff964a520453d1fe3,2889 Mission St,US,San Francisco,United States,at 25th St,"['2889 Mission St (at 25th St)', 'San Francisco, CA 94110', 'United States']","[{'label': 'display', 'lat': 37.750839872115556, 'lng': -122.41822851062942}]",37.750839872115556,-122.41822851062942,Mission District,94110,CA,La Taqueria,0,[],48020510,Burrito Place
13,0,"[{'summary': 'This spot is popular', 'type': 'general', 'reasonName': 'globalInteractionReason'}]",e-3-5a80ea27c58ed77c7cbcd80c-13,"[{'id': '4bf58dd8d48988d108941735', 'name': 'Dumpling Restaurant', 'pluralName': 'Dumpling Restaurants', 'shortName': 'Dumplings', 'icon': {'prefix': 'https://ss3.4sqi.net/img/categories_v2/food/dumplings_', 'suffix': '.png'}, 'primary': True}]",,,,,,,,,,5a80ea27c58ed77c7cbcd80c,2110 Irving St,US,San Francisco,United States,at 22nd Ave,"['2110 Irving St (at 22nd Ave)', 'San Francisco, CA 94122', 'United States']","[{'label': 'display', 'lat': 37.76349394950187, 'lng': -122.4806156236958}]",37.76349394950187,-122.4806156236958,,94122,CA,Yuanbao Jiaozi,0,[],,Dumpling Restaurant
14,0,"[{'summary': 'This spot is popular', 'type': 'general', 'reasonName': 'globalInteractionReason'}]",e-3-49dcfaddf964a520d35f1fe3-14,"[{'id': '4bf58dd8d48988d146941735', 'name': 'Deli / Bodega', 'pluralName': 'Delis / Bodegas', 'shortName': 'Deli / Bodega', 'icon': {'prefix': 'https://ss3.4sqi.net/img/categories_v2/food/deli_', 'suffix': '.png'}, 'primary': True}]",,,,,,,,,,49dcfaddf964a520d35f1fe3,2299 Chestnut St,US,San Francisco,United States,at Scott St,"['2299 Chestnut St (at Scott St)', 'San Francisco, CA 94123', 'United States']","[{'label': 'display', 'lat': 37.80018533584468, 'lng': -122.44113691634651}]",37.80018533584468,-122.44113691634651,,94123,CA,Marina Deli & Liquors,0,[],,Deli / Bodega
15,0,"[{'summary': 'This spot is popular', 'type': 'general', 'reasonName': 'globalInteractionReason'}]",e-3-5407c3ee498e743eaa28f797-15,"[{'id': '4bf58dd8d48988d142941735', 'name': 'Asian Restaurant', 'pluralName': 'Asian Restaurants', 'shortName': 'Asian', 'icon': {'prefix': 'https://ss3.4sqi.net/img/categories_v2/food/asian_', 'suffix': '.png'}, 'primary': True}]",,,,,,,,,,5407c3ee498e743eaa28f797,903 Cortland Ave,US,San Francisco,United States,,"['903 Cortland Ave', 'San Francisco, CA 94110', 'United States']","[{'label': 'display', 'lat': 37.73895675221519, 'lng': -122.41389540466913}]",37.73895675221519,-122.41389540466913,Bernal Heights,94110,CA,Nute's Noodle Night,0,[],,Asian Restaurant
16,0,"[{'summary': 'This spot is popular', 'type': 'general', 'reasonName': 'globalInteractionReason'}]",e-3-50243fd229a61e4b21a26e16-16,"[{'id': '4bf58dd8d48988d107941735', 'name': 'Argentinian Restaurant', 'pluralName': 'Argentinian Restaurants', 'shortName': 'Argentinian', 'icon': {'prefix': 'https://ss3.4sqi.net/img/categories_v2/food/argentinian_', 'suffix': '.png'}, 'primary': True}]",,,,,,,,,,50243fd229a61e4b21a26e16,2518 Mission St,US,San Francisco,United States,at 21st St,"['2518 Mission St (at 21st St)', 'San Francisco, CA 94110', 'United States']","[{'label': 'display', 'lat': 37.75664147908394, 'lng': -122.41907298564968}]",37.75664147908394,-122.41907298564968,,94110,CA,Lolinda,0,[],58650494,Argentinian Restaurant
17,0,"[{'summary': 'This spot is popular', 'type': 'general', 'reasonName': 'globalInteractionReason'}]",e-3-4db0bc8e0437a93f7f7a23e7-17,"[{'id': '4bf58dd8d48988d16a941735', 'name': 'Bakery', 'pluralName': 'Bakeries', 'shortName': 'Bakery', 'icon': {'prefix': 'https://ss3.4sqi.net/img/categories_v2/food/bakery_', 'suffix': '.png'}, 'primary': True}]",,,,,,,,,,4db0bc8e0437a93f7f7a23e7,3876 Noriega St,US,San Francisco,United States,btwn 45th & 46th Ave,"['3876 Noriega St (btwn 45th & 46th Ave)', 'San Francisco, CA 94122', 'United States']","[{'label': 'display', 'lat': 37.75304489305452, 'lng': -122.50502521764298}]",37.75304489305452,-122.50502521764298,,94122,CA,Devil's Teeth Baking Company,0,[],,Bakery
18,0,"[{'summary': 'This spot is popular', 'type': 'general', 'reasonName': 'globalInteractionReason'}]",e-3-49d30c0ff964a520e85b1fe3-18,"[{'id': '4bf58dd8d48988d10c941735', 'name': 'French Restaurant', 'pluralName': 'French Restaurants', 'shortName': 'French', 'icon': {'prefix': 'https://ss3.4sqi.net/img/categories_v2/food/french_', 'suffix': '.png'}, 'primary': True}]",,,,,,,,,,49d30c0ff964a520e85b1fe3,151 Noe St,US,San Francisco,United States,at Henry St,"['151 Noe St (at Henry St)', 'San Francisco, CA 94114', 'United States']","[{'label': 'display', 'lat': 37.766674548230164, 'lng': -122.43326095822378}]",37.766674548230164,-122.43326095822378,,94114,CA,L'Ardoise,0,[],,French Restaurant
19,0,"[{'summary': 'This spot is popular', 'type': 'general', 'reasonName': 'globalInteractionReason'}]",e-3-3fd66200f964a52017ed1ee3-19,"[{'id': '4bf58dd8d48988d1d2941735', 'name': 'Sushi Restaurant', 'pluralName': 'Sushi Restaurants', 'shortName': 'Sushi', 'icon': {'prefix': 'https://ss3.4sqi.net/img/categories_v2/food/sushi_', 'suffix': '.png'}, 'primary': True}]",,,,,,,,,,3fd66200f964a52017ed1ee3,1283 9th Ave,US,San Francisco,United States,at Irving,"['1283 9th Ave (at Irving)', 'San Francisco, CA 94122', 'United States']","[{'label': 'display', 'lat': 37.76435429827475, 'lng': -122.46635766882568}]",37.76435429827475,-122.46635766882568,,94122,CA,Ebisu,0,[],,Sushi Restaurant
20,0,"[{'summary': 'This spot is popular', 'type': 'general', 'reasonName': 'globalInteractionReason'}]",e-3-556cce76498e5e64f11e6971-20,"[{'id': '4bf58dd8d48988d149941735', 'name': 'Thai Restaurant', 'pluralName': 'Thai Restaurants', 'shortName': 'Thai', 'icon': {'prefix': 'https://ss3.4sqi.net/img/categories_v2/food/thai_', 'suffix': '.png'}, 'primary': True}]",,,,,,,,,,556cce76498e5e64f11e6971,710 Florida St,US,San Francisco,United States,at 19th St,"['710 Florida St (at 19th St)', 'San Francisco, CA 94110', 'United States']","[{'label': 'display', 'lat': 37.76019424898873, 'lng': -122.41109519769222}]",37.76019424898873,-122.41109519769222,,94110,CA,Farmhouse Kitchen,0,[],524686485,Thai Restaurant
21,0,"[{'summary': 'This spot is popular', 'type': 'general', 'reasonName': 'globalInteractionReason'}]",e-3-573e8ba3cd102b8b7351f55a-21,"[{'id': '4bf58dd8d48988d150941735', 'name': 'Spanish Restaurant', 'pluralName': 'Spanish Restaurants', 'shortName': 'Spanish', 'icon': {'prefix': 'https://ss3.4sqi.net/img/categories_v2/food/spanish_', 'suffix': '.png'}, 'primary': True}]",,,,,,,,,,573e8ba3cd102b8b7351f55a,888 Brannan St,US,San Francisco,United States,,"['888 Brannan St', 'San Francisco, CA 94103', 'United States']","[{'label': 'display', 'lat': 37.7717594988495, 'lng': -122.40488629924002}]",37.7717594988495,-122.40488629924002,,94103,CA,Bellota,0,[],,Spanish Restaurant
22,0,"[{'summary': 'This spot is popular', 'type': 'general', 'reasonName': 'globalInteractionReason'}]",e-3-44646408f964a52026331fe3-22,"[{'id': '4bf58dd8d48988d157941735', 'name': 'New American Restaurant', 'pluralName': 'New American Restaurants', 'shortName': 'New American', 'icon': {'prefix': 'https://ss3.4sqi.net/img/categories_v2/food/newamerican_', 'suffix': '.png'}, 'primary': True}]",,,,,,,,,,44646408f964a52026331fe3,560 Divisadero St,US,San Francisco,United States,at Hayes St,"['560 Divisadero St (at Hayes St)', 'San Francisco, CA 94117', 'United States']","[{'label': 'display', 'lat': 37.77497093907941, 'lng': -122.43771605106596}]",37.77497093907941,-122.43771605106596,,94117,CA,Nopa,0,[],50071951,New American Restaurant
23,0,"[{'summary': 'This spot is popular', 'type': 'general', 'reasonName': 'globalInteractionReason'}]",e-3-4cd0a38e5b5ca35de6317df0-23,"[{'id': '4bf58dd8d48988d110941735', 'name': 'Italian Restaurant', 'pluralName': 'Italian Restaurants', 'shortName': 'Italian', 'icon': {'prefix': 'https://ss3.4sqi.net/img/categories_v2/food/italian_', 'suffix': '.png'}, 'primary': True}]",,,,,,,,,,4cd0a38e5b5ca35de6317df0,490 Pacific Ave,US,San Francisco,United States,at Montgomery St,"['490 Pacific Ave (at Montgomery St)', 'San Francisco, CA 94133', 'United States']","[{'label': 'display', 'lat': 37.797345664268256, 'lng': -122.40362430843288}]",37.797345664268256,-122.40362430843288,,94133,CA,Cotogna,0,[],90910397,Italian Restaurant
24,0,"[{'summary': 'This spot is popular', 'type': 'general', 'reasonName': 'globalInteractionReason'}]",e-3-3fd66200f964a520a0ec1ee3-24,"[{'id': '4bf58dd8d48988d157941735', 'name': 'New American Restaurant', 'pluralName': 'New American Restaurants', 'shortName': 'New American', 'icon': {'prefix': 'https://ss3.4sqi.net/img/categories_v2/food/newamerican_', 'suffix': '.png'}, 'primary': True}]",,,,,,,1.0,"[{'id': '5ce085ccd1a402002c938862', 'name': 'Cocktail (1988)', 'categories': [{'id': '4dfb90c6bd413dd705e8f897', 'name': 'Movie', 'pluralName': 'Movies', 'shortName': 'Movie', 'icon': {'prefix': 'https://ss3.4sqi.net/img/categories_v2/arts_entertainment/movietheater_', 'suffix': '.png'}, 'primary': True}], 'allDay': True, 'date': 1558076400, 'timeZone': 'America/Los_Angeles', 'summary': '7:00pm', 'text': ""Tom Cruise juggles Martini shakers and ice cubes as the materialistic Brian Flanagan, a bartender who drops out of school to search for the perfect rich chick who will bankroll him into luxury. Brian meets up with bar veteran Doug Couglin (Bryan Brown) and they put together a dance-duo bar-tending act, taking five minutes to a mix a drink as they dance and toss gin bottles behind the bar to cutting-edge rock music circa 1988. The patrons, instead of demanding the booze, are dazzled by their antics and cheer them on. As a result, the bartenders become wildly popular -- in particular, Brian, who finds the bar babes falling all over each other to hop into the sack with him. As a result of their bar-tending success, they get hired to tend bar at a swanky disco, but there Brian and Doug have a falling out, and Brian takes off for Jamaica. There he meets vacationing New York City waitress Jordan Mooney (Elisabeth Shue) and the two fall in love. But then Brian meets rich New York fashion executive Bonnie (Lisa Banes) who wants to take Brian back to Manhattan with her to become her drink-mixing stud. When Jordan sees this, the love affair is put on hold. But not for long, as pangs of consciousness begin to filter through Brian's drunken haze.~ Paul Brenner, All Movie Guide"", 'images': ['https://playfoursquare.s3.amazonaws.com/events/images/cinemasource/025553h1.jpg'], 'stats': {'checkinsCount': 1, 'usersCount': 1}, 'participants': [{'participant': {'id': '4f0528be239cf72e3076efba', 'displayName': 'Cocktail (1988)', 'images': ['https://playfoursquare.s3.amazonaws.com/events/images/cinemasource/025553h1.jpg'], 'totalEvents': 0}, 'role': 'movie'}], 'genres': 'Drama, Romance', 'rating': 'R', 'runningTime': '104'}]",Cocktail (1988),3fd66200f964a520a0ec1ee3,2534 Mission St,US,San Francisco,United States,btwn 21st & 22nd St,"['2534 Mission St (btwn 21st & 22nd St)', 'San Francisco, CA 94110', 'United States']","[{'label': 'display', 'lat': 37.75648806689791, 'lng': -122.41922596316283}]",37.75648806689791,-122.41922596316283,,94110,CA,Foreign Cinema,0,[],,New American Restaurant
25,0,"[{'summary': 'This spot is popular', 'type': 'general', 'reasonName': 'globalInteractionReason'}]",e-3-54c2a5e4498ee52a438800f7-25,"[{'id': '52e81612bcbc57f1066b79fe', 'name': 'Hawaiian Restaurant', 'pluralName': 'Hawaiian Restaurants', 'shortName': 'Hawaiian', 'icon': {'prefix': 'https://ss3.4sqi.net/img/categories_v2/food/default_', 'suffix': '.png'}, 'primary': True}]",,,,,,,,,,54c2a5e4498ee52a438800f7,871 Sutter St,US,San Francisco,United States,btwn Jones & Leavenworth St,"['871 Sutter St (btwn Jones & Leavenworth St)', 'San Francisco, CA 94109', 'United States']","[{'label': 'display', 'lat': 37.78833241767785, 'lng': -122.41460517290737}]",37.78833241767785,-122.41460517290737,,94109,CA,Liholiho Yacht Club,0,[],,Hawaiian Restaurant
26,0,"[{'summary': 'This spot is popular', 'type': 'general', 'reasonName': 'globalInteractionReason'}]",e-3-54a8b5d1498ef8abe40ce6b3-26,"[{'id': '4bf58dd8d48988d1d2941735', 'name': 'Sushi Restaurant', 'pluralName': 'Sushi Restaurants', 'shortName': 'Sushi', 'icon': {'prefix': 'https://ss3.4sqi.net/img/categories_v2/food/sushi_', 'suffix': '.png'}, 'primary': True}]",,,,,,,,,,54a8b5d1498ef8abe40ce6b3,370 14th St,US,San Francisco,United States,at Stevenson St,"['370 14th St (at Stevenson St)', 'San Francisco, CA 94103', 'United States']","[{'label': 'display', 'lat': 37.76819038843062, 'lng': -122.42162728988704}]",37.76819038843062,-122.42162728988704,,94103,CA,Shizen,0,[],,Sushi Restaurant
27,0,"[{'summary': 'This spot is popular', 'type': 'general', 'reasonName': 'globalInteractionReason'}]",e-3-49f13784f964a5209f691fe3-27,"[{'id': '4bf58dd8d48988d16a941735', 'name': 'Bakery', 'pluralName': 'Bakeries', 'shortName': 'Bakery', 'icon': {'prefix': 'https://ss3.4sqi.net/img/categories_v2/food/bakery_', 'suffix': '.png'}, 'primary': True}]",,,,,,,,,,49f13784f964a5209f691fe3,248 Church St,US,San Francisco,United States,btwn Market & 15th St,"['248 Church St (btwn Market & 15th St)', 'San Francisco, CA 94114', 'United States']","[{'label': 'display', 'lat': 37.766408, 'lng': -122.429051}]",37.766408,-122.429051,,94114,CA,Thorough Bread and Pastry,0,[],,Bakery
28,0,"[{'summary': 'This spot is popular', 'type': 'general', 'reasonName': 'globalInteractionReason'}]",e-3-562405f6498e32f69e70a7a3-28,"[{'id': '4bf58dd8d48988d1cb941735', 'name': 'Food Truck', 'pluralName': 'Food Trucks', 'shortName': 'Food Truck', 'icon': {'prefix': 'https://ss3.4sqi.net/img/categories_v2/food/streetfood_', 'suffix': '.png'}, 'primary': True}]",,,,,,,,,,562405f6498e32f69e70a7a3,,US,San Francisco,United States,,"['San Francisco, CA', 'United States']","[{'label': 'display', 'lat': 37.779570009111275, 'lng': -122.4170474497233}]",37.779570009111275,-122.4170474497233,,,CA,Señor Sisig,0,[],,Food Truck
29,0,"[{'summary': 'This spot is popular', 'type': 'general', 'reasonName': 'globalInteractionReason'}]",e-3-578bb74e498e0aee36fd96db-29,"[{'id': '4bf58dd8d48988d1c5941735', 'name': 'Sandwich Place', 'pluralName': 'Sandwich Places', 'shortName': 'Sandwiches', 'icon': {'prefix': 'https://ss3.4sqi.net/img/categories_v2/food/deli_', 'suffix': '.png'}, 'primary': True}]",,,,,,,,,,578bb74e498e0aee36fd96db,3505 17th St Ste B,US,San Francisco,United States,,"['3505 17th St Ste B', 'San Francisco, CA 94110', 'United States']","[{'label': 'display', 'lat': 37.76316408709755, 'lng': -122.42429894681102}]",37.76316408709755,-122.42429894681102,,94110,CA,Turner's Kitchen,0,[],,Sandwich Place
30,0,"[{'summary': 'This spot is popular', 'type': 'general', 'reasonName': 'globalInteractionReason'}]",e-3-52c8aaa411d2c75d43e29ee4-30,"[{'id': '4bf58dd8d48988d1ca941735', 'name': 'Pizza Place', 'pluralName': 'Pizza Places', 'shortName': 'Pizza', 'icon': {'prefix': 'https://ss3.4sqi.net/img/categories_v2/food/pizza_', 'suffix': '.png'}, 'primary': True}]",320697,/delivery_provider_grubhub_20180129.png,https://fastly.4sqi.net/img/general/cap/,"[40, 50]",grubhub,https://www.grubhub.com/restaurant/pizzahacker-3299-mission-st-san-francisco/320697?affiliate=1131&utm_source=foursquare-affiliate-network&utm_medium=affiliate&utm_campaign=1131&utm_content=320697,,,,52c8aaa411d2c75d43e29ee4,3299 Mission St,US,San Francisco,United States,at 29th St,"['3299 Mission St (at 29th St)', 'San Francisco, CA 94110', 'United States']","[{'label': 'display', 'lat': 37.744044, 'lng': -122.420814}]",37.744044,-122.420814,,94110,CA,PizzaHacker,0,[],,Pizza Place
31,0,"[{'summary': 'This spot is popular', 'type': 'general', 'reasonName': 'globalInteractionReason'}]",e-3-49a2545cf964a52094521fe3-31,"[{'id': '4bf58dd8d48988d110941735', 'name': 'Italian Restaurant', 'pluralName': 'Italian Restaurants', 'shortName': 'Italian', 'icon': {'prefix': 'https://ss3.4sqi.net/img/categories_v2/food/italian_', 'suffix': '.png'}, 'primary': True}]",,,,,,,,,,49a2545cf964a52094521fe3,1199 Valencia St,US,San Francisco,United States,at 23rd St,"['1199 Valencia St (at 23rd St)', 'San Francisco, CA 94110', 'United States']","[{'label': 'display', 'lat': 37.753741162982145, 'lng': -122.42079946268724}]",37.753741162982145,-122.42079946268724,,94110,CA,Beretta,0,[],52314075,Italian Restaurant
32,0,"[{'summary': 'This spot is popular', 'type': 'general', 'reasonName': 'globalInteractionReason'}]",e-3-44ff5a91f964a520a5381fe3-32,"[{'id': '4bf58dd8d48988d1c1941735', 'name': 'Mexican Restaurant', 'pluralName': 'Mexican Restaurants', 'shortName': 'Mexican', 'icon': {'prefix': 'https://ss3.4sqi.net/img/categories_v2/food/mexican_', 'suffix': '.png'}, 'primary': True}]",,,,,,,,,,44ff5a91f964a520a5381fe3,2779 Mission St,US,San Francisco,United States,at 24th St,"['2779 Mission St (at 24th St)', 'San Francisco, CA 94110', 'United States']","[{'label': 'display', 'lat': 37.752560532093284, 'lng': -122.41842601162777}]",37.752560532093284,-122.41842601162777,,94110,CA,Taqueria El Farolito,0,[],,Mexican Restaurant
33,0,"[{'summary': 'This spot is popular', 'type': 'general', 'reasonName': 'globalInteractionReason'}]",e-3-49b094fdf964a520c8521fe3-33,"[{'id': '4bf58dd8d48988d143941735', 'name': 'Breakfast Spot', 'pluralName': 'Breakfast Spots', 'shortName': 'Breakfast', 'icon': {'prefix': 'https://ss3.4sqi.net/img/categories_v2/food/breakfast_', 'suffix': '.png'}, 'primary': True}]",,,,,,,,,,49b094fdf964a520c8521fe3,941 Cole St,US,San Francisco,United States,btwn Parnassus Ave & Carl St,"['941 Cole St (btwn Parnassus Ave & Carl St)', 'San Francisco, CA 94117', 'United States']","[{'label': 'display', 'lat': 37.765281744910254, 'lng': -122.44991947702094}]",37.765281744910254,-122.44991947702094,,94117,CA,Zazie,0,[],51195475,Breakfast Spot
34,0,"[{'summary': 'This spot is popular', 'type': 'general', 'reasonName': 'globalInteractionReason'}]",e-3-4b0a2fe5f964a520492223e3-34,"[{'id': '4bf58dd8d48988d142941735', 'name': 'Asian Restaurant', 'pluralName': 'Asian Restaurants', 'shortName': 'Asian', 'icon': {'prefix': 'https://ss3.4sqi.net/img/categories_v2/food/asian_', 'suffix': '.png'}, 'primary': True}]",,,,,,,,,,4b0a2fe5f964a520492223e3,1230 Grant Ave,US,San Francisco,United States,at Columbus Ave,"['1230 Grant Ave (at Columbus Ave)', 'San Francisco, CA 94133', 'United States']","[{'label': 'display', 'lat': 37.79843404606063, 'lng': -122.40718731925823}]",37.79843404606063,-122.40718731925823,,94133,CA,The House,0,[],90617233,Asian Restaurant
35,0,"[{'summary': 'This spot is popular', 'type': 'general', 'reasonName': 'globalInteractionReason'}]",e-3-4a579b5ef964a52074b61fe3-35,"[{'id': '4bf58dd8d48988d16a941735', 'name': 'Bakery', 'pluralName': 'Bakeries', 'shortName': 'Bakery', 'icon': {'prefix': 'https://ss3.4sqi.net/img/categories_v2/food/bakery_', 'suffix': '.png'}, 'primary': True}]",559522,/delivery_provider_grubhub_20180129.png,https://fastly.4sqi.net/img/general/cap/,"[40, 50]",grubhub,https://www.grubhub.com/restaurant/la-boulangerie-de-san-francisco-2325-pine-st-san-francisco/559522?affiliate=1131&utm_source=foursquare-affiliate-network&utm_medium=affiliate&utm_campaign=1131&utm_content=559522,,,,4a579b5ef964a52074b61fe3,2325 Pine St,US,San Francisco,United States,at Fillmore,"['2325 Pine St (at Fillmore)', 'San Francisco, CA 94115', 'United States']","[{'label': 'display', 'lat': 37.78789193827142, 'lng': -122.43398536164692}]",37.78789193827142,-122.43398536164692,,94115,CA,"La Boulangerie de San Francisco, Pine",0,[],90473567,Bakery
36,0,"[{'summary': 'This spot is popular', 'type': 'general', 'reasonName': 'globalInteractionReason'}]",e-3-511ab11fe4b078c672896eab-36,"[{'id': '4bf58dd8d48988d1c1941735', 'name': 'Mexican Restaurant', 'pluralName': 'Mexican Restaurants', 'shortName': 'Mexican', 'icon': {'prefix': 'https://ss3.4sqi.net/img/categories_v2/food/mexican_', 'suffix': '.png'}, 'primary': True}]",,,,,,,,,,511ab11fe4b078c672896eab,475 3rd St,US,San Francisco,United States,at Bryant St,"['475 3rd St (at Bryant St)', 'San Francisco, CA 94107', 'United States']","[{'label': 'display', 'lat': 37.78174497823888, 'lng': -122.396150865862}]",37.78174497823888,-122.396150865862,,94107,CA,Garaje,0,[],89858994,Mexican Restaurant
37,0,"[{'summary': 'This spot is popular', 'type': 'general', 'reasonName': 'globalInteractionReason'}]",e-3-40df5f80f964a52096011fe3-37,"[{'id': '4bf58dd8d48988d1ca941735', 'name': 'Pizza Place', 'pluralName': 'Pizza Places', 'shortName': 'Pizza', 'icon': {'prefix': 'https://ss3.4sqi.net/img/categories_v2/food/pizza_', 'suffix': '.png'}, 'primary': True}]",,,,,,,,,,40df5f80f964a52096011fe3,211 23rd Ave,US,San Francisco,United States,at California St,"['211 23rd Ave (at California St)', 'San Francisco, CA 94121', 'United States']","[{'label': 'display', 'lat': 37.78369393632517, 'lng': -122.48287900326157}]",37.78369393632517,-122.48287900326157,,94121,CA,Pizzetta 211,0,[],,Pizza Place
38,0,"[{'summary': 'This spot is popular', 'type': 'general', 'reasonName': 'globalInteractionReason'}]",e-3-53fb8a0f498e6491055ac177-38,"[{'id': '4bf58dd8d48988d14a941735', 'name': 'Vietnamese Restaurant', 'pluralName': 'Vietnamese Restaurants', 'shortName': 'Vietnamese', 'icon': {'prefix': 'https://ss3.4sqi.net/img/categories_v2/food/vietnamese_', 'suffix': '.png'}, 'primary': True}]",,,,,,,,,,53fb8a0f498e6491055ac177,555 Folsom St,US,San Francisco,United States,at Essex St,"['555 Folsom St (at Essex St)', 'San Francisco, CA 94105', 'United States']","[{'label': 'display', 'lat': 37.78646245051328, 'lng': -122.39550510091534}]",37.78646245051328,-122.39550510091534,,94105,CA,dragoneats,0,[],,Vietnamese Restaurant
39,0,"[{'summary': 'This spot is popular', 'type': 'general', 'reasonName': 'globalInteractionReason'}]",e-3-5036e1e4e4b0c173555542aa-39,"[{'id': '4bf58dd8d48988d16c941735', 'name': 'Burger Joint', 'pluralName': 'Burger Joints', 'shortName': 'Burgers', 'icon': {'prefix': 'https://ss3.4sqi.net/img/categories_v2/food/burger_', 'suffix': '.png'}, 'primary': True}]",,,,,,,,,,5036e1e4e4b0c173555542aa,1923 Fillmore St,US,San Francisco,United States,btwn Bush & Pine St,"['1923 Fillmore St (btwn Bush & Pine St)', 'San Francisco, CA 94115', 'United States']","[{'label': 'display', 'lat': 37.787686, 'lng': -122.433753}]",37.787686,-122.433753,,94115,CA,Roam Artisan Burgers,0,[],91960251,Burger Joint
40,0,"[{'summary': 'This spot is popular', 'type': 'general', 'reasonName': 'globalInteractionReason'}]",e-3-49fdbacbf964a520236f1fe3-40,"[{'id': '4bf58dd8d48988d1ca941735', 'name': 'Pizza Place', 'pluralName': 'Pizza Places', 'shortName': 'Pizza', 'icon': {'prefix': 'https://ss3.4sqi.net/img/categories_v2/food/pizza_', 'suffix': '.png'}, 'primary': True}]",,,,,,,,,,49fdbacbf964a520236f1fe3,2406 California St,US,San Francisco,United States,at Fillmore St,"['2406 California St (at Fillmore St)', 'San Francisco, CA 94115', 'United States']","[{'label': 'display', 'lat': 37.7889177627653, 'lng': -122.43430656653575}]",37.7889177627653,-122.43430656653575,,94115,CA,Pizzeria Delfina,0,[],53625249,Pizza Place
41,0,"[{'summary': 'This spot is popular', 'type': 'general', 'reasonName': 'globalInteractionReason'}]",e-3-443fddaff964a52039321fe3-41,"[{'id': '4bf58dd8d48988d10a941735', 'name': 'Ethiopian Restaurant', 'pluralName': 'Ethiopian Restaurants', 'shortName': 'Ethiopian', 'icon': {'prefix': 'https://ss3.4sqi.net/img/categories_v2/food/ethiopian_', 'suffix': '.png'}, 'primary': True}]",562657,/delivery_provider_grubhub_20180129.png,https://fastly.4sqi.net/img/general/cap/,"[40, 50]",grubhub,https://www.grubhub.com/restaurant/new-eritrea-restaurant--bar-907-irving-st-san-francisco/562657?affiliate=1131&utm_source=foursquare-affiliate-network&utm_medium=affiliate&utm_campaign=1131&utm_content=562657,,,,443fddaff964a52039321fe3,907 Irving St,US,San Francisco,United States,btwn 10th & 11th Ave,"['907 Irving St (btwn 10th & 11th Ave)', 'San Francisco, CA 94122', 'United States']","[{'label': 'display', 'lat': 37.76393818133379, 'lng': -122.46766258023246}]",37.76393818133379,-122.46766258023246,Inner Sunset,94122,CA,New Eritrea Restaurant & Bar,0,[],,Ethiopian Restaurant
42,0,"[{'summary': 'This spot is popular', 'type': 'general', 'reasonName': 'globalInteractionReason'}]",e-3-56e36821498efa4a86f73408-42,"[{'id': '5bae9231bedf3950379f89d4', 'name': 'Poke Place', 'pluralName': 'Poke Places', 'shortName': 'Poke Place', 'icon': {'prefix': 'https://ss3.4sqi.net/img/categories_v2/food/default_', 'suffix': '.png'}, 'primary': True}]",326195,/delivery_provider_grubhub_20180129.png,https://fastly.4sqi.net/img/general/cap/,"[40, 50]",grubhub,https://www.grubhub.com/restaurant/poki-time-549-irving-st-san-francisco/326195?affiliate=1131&utm_source=foursquare-affiliate-network&utm_medium=affiliate&utm_campaign=1131&utm_content=326195,,,,56e36821498efa4a86f73408,549 Irving St,US,San Francisco,United States,at 7th Ave,"['549 Irving St (at 7th Ave)', 'San Francisco, CA', 'United States']","[{'label': 'display', 'lat': 37.764130064009855, 'lng': -122.46399468416989}]",37.764130064009855,-122.46399468416989,,,CA,Poki Time,0,[],,Poke Place
43,0,"[{'summary': 'This spot is popular', 'type': 'general', 'reasonName': 'globalInteractionReason'}]",e-3-44cf44a2f964a52020361fe3-43,"[{'id': '4bf58dd8d48988d148941735', 'name': 'Donut Shop', 'pluralName': 'Donut Shops', 'shortName': 'Donuts', 'icon': {'prefix': 'https://ss3.4sqi.net/img/categories_v2/food/donuts_', 'suffix': '.png'}, 'primary': True}]",1119222,/delivery_provider_grubhub_20180129.png,https://fastly.4sqi.net/img/general/cap/,"[40, 50]",grubhub,https://www.grubhub.com/restaurant/bobs-donuts-and-pastries-1621-polk-st-san-francisco/1119222?affiliate=1131&utm_source=foursquare-affiliate-network&utm_medium=affiliate&utm_campaign=1131&utm_content=1119222,,,,44cf44a2f964a52020361fe3,1621 Polk St,US,San Francisco,United States,btwn Clay & Sacramento St,"['1621 Polk St (btwn Clay & Sacramento St)', 'San Francisco, CA 94109', 'United States']","[{'label': 'display', 'lat': 37.791797, 'lng': -122.421085}]",37.791797,-122.421085,,94109,CA,Bob's Donuts,0,[],59524354,Donut Shop
44,0,"[{'summary': 'This spot is popular', 'type': 'general', 'reasonName': 'globalInteractionReason'}]",e-3-42cc7080f964a520e7251fe3-44,"[{'id': '56aa371be4b08b9a8d573568', 'name': 'Burmese Restaurant', 'pluralName': 'Burmese Restaurants', 'shortName': 'Burmese', 'icon': {'prefix': 'https://ss3.4sqi.net/img/categories_v2/food/asian_', 'suffix': '.png'}, 'primary': True}]",,,,,,,,,,42cc7080f964a520e7251fe3,309 Clement St,US,San Francisco,United States,btwn 4th & 5th Ave,"['309 Clement St (btwn 4th & 5th Ave)', 'San Francisco, CA 94118', 'United States']","[{'label': 'display', 'lat': 37.783010541941735, 'lng': -122.46258587108765}]",37.783010541941735,-122.46258587108765,,94118,CA,Burma Superstar,0,[],95715367,Burmese Restaurant
45,0,"[{'summary': 'This spot is popular', 'type': 'general', 'reasonName': 'globalInteractionReason'}]",e-3-537d1a96498e08214a87bded-45,"[{'id': '4bf58dd8d48988d1d2941735', 'name': 'Sushi Restaurant', 'pluralName': 'Sushi Restaurants', 'shortName': 'Sushi', 'icon': {'prefix': 'https://ss3.4sqi.net/img/categories_v2/food/sushi_', 'suffix': '.png'}, 'primary': True}]",,,,,,,,,,537d1a96498e08214a87bded,584 Washington St,US,San Francisco,United States,at Hotaling Pl & Columbus Ave,"['584 Washington St (at Hotaling Pl & Columbus Ave)', 'San Francisco, CA 94111', 'United States']","[{'label': 'display', 'lat': 37.795498406823384, 'lng': -122.4029523282336}]",37.795498406823384,-122.4029523282336,,94111,CA,Kusakabe,0,[],,Sushi Restaurant
46,0,"[{'summary': 'This spot is popular', 'type': 'general', 'reasonName': 'globalInteractionReason'}]",e-3-432a0b00f964a520de271fe3-46,"[{'id': '4bf58dd8d48988d1ce941735', 'name': 'Seafood Restaurant', 'pluralName': 'Seafood Restaurants', 'shortName': 'Seafood', 'icon': {'prefix': 'https://ss3.4sqi.net/img/categories_v2/food/seafood_', 'suffix': '.png'}, 'primary': True}]",,,,,,,,,,432a0b00f964a520de271fe3,579 Castro St,US,San Francisco,United States,btwn 18th & 19th St,"['579 Castro St (btwn 18th & 19th St)', 'San Francisco, CA 94114', 'United States']","[{'label': 'display', 'lat': 37.75970781524432, 'lng': -122.43491032498481}]",37.75970781524432,-122.43491032498481,,94114,CA,Anchor Oyster Bar,0,[],104886265,Seafood Restaurant
47,0,"[{'summary': 'This spot is popular', 'type': 'general', 'reasonName': 'globalInteractionReason'}]",e-3-4ad6765ef964a5204c0721e3-47,"[{'id': '4bf58dd8d48988d16a941735', 'name': 'Bakery', 'pluralName': 'Bakeries', 'shortName': 'Bakery', 'icon': {'prefix': 'https://ss3.4sqi.net/img/categories_v2/food/bakery_', 'suffix': '.png'}, 'primary': True}]",,,,,,,,,,4ad6765ef964a5204c0721e3,521 Clement St,US,San Francisco,United States,at 6th Ave,"['521 Clement St (at 6th Ave)', 'San Francisco, CA 94118', 'United States']","[{'label': 'display', 'lat': 37.782891728277455, 'lng': -122.46491828408284}]",37.782891728277455,-122.46491828408284,,94118,CA,Schubert’s Bakery,0,[],526305602,Bakery
48,0,"[{'summary': 'This spot is popular', 'type': 'general', 'reasonName': 'globalInteractionReason'}]",e-3-512831dae4b058a839d3cdac-48,"[{'id': '4bf58dd8d48988d145941735', 'name': 'Chinese Restaurant', 'pluralName': 'Chinese Restaurants', 'shortName': 'Chinese', 'icon': {'prefix': 'https://ss3.4sqi.net/img/categories_v2/food/asian_', 'suffix': '.png'}, 'primary': True}]",,,,,,,,,,512831dae4b058a839d3cdac,937 Taraval St,US,San Francisco,United States,at 20th Ave,"['937 Taraval St (at 20th Ave)', 'San Francisco, CA 94116', 'United States']","[{'label': 'display', 'lat': 37.742856414095435, 'lng': -122.47618407011034}]",37.742856414095435,-122.47618407011034,,94116,CA,House of Pancakes,0,[],,Chinese Restaurant
49,0,"[{'summary': 'This spot is popular', 'type': 'general', 'reasonName': 'globalInteractionReason'}]",e-3-52eb109611d2f169d2d80599-49,"[{'id': '4bf58dd8d48988d1be941735', 'name': 'Latin American Restaurant', 'pluralName': 'Latin American Restaurants', 'shortName': 'Latin American', 'icon': {'prefix': 'https://ss3.4sqi.net/img/categories_v2/food/latinamerican_', 'suffix': '.png'}, 'primary': True}]",,,,,,,,,,52eb109611d2f169d2d80599,974 Valencia St,US,San Francisco,United States,,"['974 Valencia St', 'San Francisco, CA 94110', 'United States']","[{'label': 'display', 'lat': 37.757301, 'lng': -122.421307}]",37.757301,-122.421307,,94110,CA,Loló,0,[],,Latin American Restaurant
50,0,"[{'summary': 'This spot is popular', 'type': 'general', 'reasonName': 'globalInteractionReason'}]",e-3-5746063b498e3939498157c9-50,"[{'id': '4bf58dd8d48988d1c0941735', 'name': 'Mediterranean Restaurant', 'pluralName': 'Mediterranean Restaurants', 'shortName': 'Mediterranean', 'icon': {'prefix': 'https://ss3.4sqi.net/img/categories_v2/food/mediterranean_', 'suffix': '.png'}, 'primary': True}]",,,,,,,,,,5746063b498e3939498157c9,329 Kearny St,US,San Francisco,United States,Bush,"['329 Kearny St (Bush)', 'San Francisco, CA 94108', 'United States']","[{'label': 'display', 'lat': 37.791185, 'lng': -122.404219}]",37.791185,-122.404219,,94108,CA,Sababa,0,[],,Mediterranean Restaurant
51,0,"[{'summary': 'This spot is popular', 'type': 'general', 'reasonName': 'globalInteractionReason'}]",e-3-4a469839f964a52029a91fe3-51,"[{'id': '4bf58dd8d48988d1ca941735', 'name': 'Pizza Place', 'pluralName': 'Pizza Places', 'shortName': 'Pizza', 'icon': {'prefix': 'https://ss3.4sqi.net/img/categories_v2/food/pizza_', 'suffix': '.png'}, 'primary': True}]",,,,,,,,,,4a469839f964a52029a91fe3,1570 Stockton St,US,San Francisco,United States,at Union St,"['1570 Stockton St (at Union St)', 'San Francisco, CA 94133', 'United States']","[{'label': 'display', 'lat': 37.80038714317991, 'lng': -122.40914575479546}]",37.80038714317991,-122.40914575479546,North Beach,94133,CA,Tony’s Pizza Napoletana,0,[],88099141,Pizza Place
52,0,"[{'summary': 'This spot is popular', 'type': 'general', 'reasonName': 'globalInteractionReason'}]",e-3-4b64dfd4f964a52097d62ae3-52,"[{'id': '4bf58dd8d48988d1cd941735', 'name': 'South American Restaurant', 'pluralName': 'South American Restaurants', 'shortName': 'South American', 'icon': {'prefix': 'https://ss3.4sqi.net/img/categories_v2/food/argentinian_', 'suffix': '.png'}, 'primary': True}]",,,,,,,,,,4b64dfd4f964a52097d62ae3,2823 Mission St,US,San Francisco,United States,btwn 24th & 25th St,"['2823 Mission St (btwn 24th & 25th St)', 'San Francisco, CA 94110', 'United States']","[{'label': 'display', 'lat': 37.751918846451424, 'lng': -122.41855504945389}]",37.751918846451424,-122.41855504945389,Mission District,94110,CA,Mr. Pollo,0,[],105310584,South American Restaurant
53,0,"[{'summary': 'This spot is popular', 'type': 'general', 'reasonName': 'globalInteractionReason'}]",e-3-4bb2595c42959c7430b7202c-53,"[{'id': '4bf58dd8d48988d1c5941735', 'name': 'Sandwich Place', 'pluralName': 'Sandwich Places', 'shortName': 'Sandwiches', 'icon': {'prefix': 'https://ss3.4sqi.net/img/categories_v2/food/deli_', 'suffix': '.png'}, 'primary': True}]",,,,,,,,,,4bb2595c42959c7430b7202c,1058 Folsom St,US,San Francisco,United States,at Russ St,"['1058 Folsom St (at Russ St)', 'San Francisco, CA 94103', 'United States']","[{'label': 'display', 'lat': 37.777621, 'lng': -122.407095}]",37.777621,-122.407095,,94103,CA,Deli Board,0,[],93615021,Sandwich Place
54,0,"[{'summary': 'This spot is popular', 'type': 'general', 'reasonName': 'globalInteractionReason'}]",e-3-4d35122d8c42a1cd7c9e005e-54,"[{'id': '4bf58dd8d48988d10c941735', 'name': 'French Restaurant', 'pluralName': 'French Restaurants', 'shortName': 'French', 'icon': {'prefix': 'https://ss3.4sqi.net/img/categories_v2/food/french_', 'suffix': '.png'}, 'primary': True}]",,,,,,,,,,4d35122d8c42a1cd7c9e005e,3127 Fillmore St,US,San Francisco,United States,at Pixley St,"['3127 Fillmore St (at Pixley St)', 'San Francisco, CA 94123', 'United States']","[{'label': 'display', 'lat': 37.79840319043433, 'lng': -122.43583494939686}]",37.79840319043433,-122.43583494939686,,94123,CA,Atelier Crenn,0,[],,French Restaurant
55,0,"[{'summary': 'This spot is popular', 'type': 'general', 'reasonName': 'globalInteractionReason'}]",e-3-55721dae498ecafe55931bb4-55,"[{'id': '4bf58dd8d48988d142941735', 'name': 'Asian Restaurant', 'pluralName': 'Asian Restaurants', 'shortName': 'Asian', 'icon': {'prefix': 'https://ss3.4sqi.net/img/categories_v2/food/asian_', 'suffix': '.png'}, 'primary': True}]",,,,,,,,,,55721dae498ecafe55931bb4,1310 Grant Ave,US,San Francisco,United States,at Vallejo St,"['1310 Grant Ave (at Vallejo St)', 'San Francisco, CA 94133', 'United States']","[{'label': 'display', 'lat': 37.799067, 'lng': -122.407174}]",37.799067,-122.407174,North Beach,94133,CA,Chubby Noodle,0,[],,Asian Restaurant
56,0,"[{'summary': 'This spot is popular', 'type': 'general', 'reasonName': 'globalInteractionReason'}]",e-3-42814b00f964a52002221fe3-56,"[{'id': '4bf58dd8d48988d16a941735', 'name': 'Bakery', 'pluralName': 'Bakeries', 'shortName': 'Bakery', 'icon': {'prefix': 'https://ss3.4sqi.net/img/categories_v2/food/bakery_', 'suffix': '.png'}, 'primary': True}]",,,,,,,,,,42814b00f964a52002221fe3,600 Guerrero St,US,San Francisco,United States,at 18th St,"['600 Guerrero St (at 18th St)', 'San Francisco, CA 94110', 'United States']","[{'label': 'display', 'lat': 37.76151859415805, 'lng': -122.42388790399988}]",37.76151859415805,-122.42388790399988,,94110,CA,Tartine Bakery,0,[],,Bakery
57,0,"[{'summary': 'This spot is popular', 'type': 'general', 'reasonName': 'globalInteractionReason'}]",e-3-584b00068f0be42a4dbf33ed-57,"[{'id': '4bf58dd8d48988d16a941735', 'name': 'Bakery', 'pluralName': 'Bakeries', 'shortName': 'Bakery', 'icon': {'prefix': 'https://ss3.4sqi.net/img/categories_v2/food/bakery_', 'suffix': '.png'}, 'primary': True}]",,,,,,,,,,584b00068f0be42a4dbf33ed,1881 Geary Blvd,US,San Francisco,United States,at Steiner St,"['1881 Geary Blvd (at Steiner St)', 'San Francisco, CA 94115', 'United States']","[{'label': 'display', 'lat': 37.78379748921064, 'lng': -122.43428254305587}]",37.78379748921064,-122.43428254305587,,94115,CA,Jane the Bakery,0,[],,Bakery
58,0,"[{'summary': 'This spot is popular', 'type': 'general', 'reasonName': 'globalInteractionReason'}]",e-3-44e37004f964a52042371fe3-58,"[{'id': '4bf58dd8d48988d1ce941735', 'name': 'Seafood Restaurant', 'pluralName': 'Seafood Restaurants', 'shortName': 'Seafood', 'icon': {'prefix': 'https://ss3.4sqi.net/img/categories_v2/food/seafood_', 'suffix': '.png'}, 'primary': True}]",,,,,,,,,,44e37004f964a52042371fe3,655 Divisadero St,US,San Francisco,United States,at Grove St,"['655 Divisadero St (at Grove St)', 'San Francisco, CA 94117', 'United States']","[{'label': 'display', 'lat': 37.775706638461116, 'lng': -122.43801921397446}]",37.775706638461116,-122.43801921397446,NoPa,94117,CA,Bar Crudo,0,[],,Seafood Restaurant
59,0,"[{'summary': 'This spot is popular', 'type': 'general', 'reasonName': 'globalInteractionReason'}]",e-3-533cc33f498e604ebad95d8c-59,"[{'id': '52e81612bcbc57f1066b79f3', 'name': 'Souvlaki Shop', 'pluralName': 'Souvlaki Shops', 'shortName': 'Souvlaki', 'icon': {'prefix': 'https://ss3.4sqi.net/img/categories_v2/food/souvlaki_', 'suffix': '.png'}, 'primary': True}]",,,,,,,,,,533cc33f498e604ebad95d8c,517 Hayes St,US,San Francisco,United States,at Octavia St,"['517 Hayes St (at Octavia St)', 'San Francisco, CA 94102', 'United States']","[{'label': 'display', 'lat': 37.776568223306676, 'lng': -122.42495659866064}]",37.776568223306676,-122.42495659866064,,94102,CA,Souvla,0,[],83689801,Souvlaki Shop
60,0,"[{'summary': 'This spot is popular', 'type': 'general', 'reasonName': 'globalInteractionReason'}]",e-3-55ede944498e721ccfd9948c-60,"[{'id': '4bf58dd8d48988d16d941735', 'name': 'Café', 'pluralName': 'Cafés', 'shortName': 'Café', 'icon': {'prefix': 'https://ss3.4sqi.net/img/categories_v2/food/cafe_', 'suffix': '.png'}, 'primary': True}]",,,,,,,,,,55ede944498e721ccfd9948c,499 Douglass St,US,San Francisco,United States,21st Street,"['499 Douglass St (21st Street)', 'San Francisco, CA 94114', 'United States']","[{'label': 'display', 'lat': 37.7555131728364, 'lng': -122.43875375517898}]",37.7555131728364,-122.43875375517898,,94114,CA,Neighbor's Corner,0,[],,Café
61,0,"[{'summary': 'This spot is popular', 'type': 'general', 'reasonName': 'globalInteractionReason'}]",e-3-4feddd79d86cd6f22dc171a9-61,"[{'id': '4bf58dd8d48988d16a941735', 'name': 'Bakery', 'pluralName': 'Bakeries', 'shortName': 'Bakery', 'icon': {'prefix': 'https://ss3.4sqi.net/img/categories_v2/food/bakery_', 'suffix': '.png'}, 'primary': True}]",,,,,,,,,,4feddd79d86cd6f22dc171a9,736 Divisadero St,US,San Francisco,United States,btwn Grove St & Fulton St,"['736 Divisadero St (btwn Grove St & Fulton St)', 'San Francisco, CA 94117', 'United States']","[{'label': 'display', 'lat': 37.7764253207762, 'lng': -122.43796976647843}]",37.7764253207762,-122.43796976647843,,94117,CA,The Mill,0,[],,Bakery
62,0,"[{'summary': 'This spot is popular', 'type': 'general', 'reasonName': 'globalInteractionReason'}]",e-3-433dd180f964a52048281fe3-62,"[{'id': '4bf58dd8d48988d1ca941735', 'name': 'Pizza Place', 'pluralName': 'Pizza Places', 'shortName': 'Pizza', 'icon': {'prefix': 'https://ss3.4sqi.net/img/categories_v2/food/pizza_', 'suffix': '.png'}, 'primary': True}]",,,,,,,,,,433dd180f964a52048281fe3,846 Divisadero St,US,San Francisco,United States,btwn Mcallister St & Fulton St,"['846 Divisadero St (btwn Mcallister St & Fulton St)', 'San Francisco, CA 94117', 'United States']","[{'label': 'display', 'lat': 37.77748853090511, 'lng': -122.43828074763262}]",37.77748853090511,-122.43828074763262,,94117,CA,Little Star Pizza,0,[],92057871,Pizza Place
63,0,"[{'summary': 'This spot is popular', 'type': 'general', 'reasonName': 'globalInteractionReason'}]",e-3-5748e1f0498e1c0c6d214098-63,"[{'id': '52e81612bcbc57f1066b79f3', 'name': 'Souvlaki Shop', 'pluralName': 'Souvlaki Shops', 'shortName': 'Souvlaki', 'icon': {'prefix': 'https://ss3.4sqi.net/img/categories_v2/food/souvlaki_', 'suffix': '.png'}, 'primary': True}]",,,,,,,,,,5748e1f0498e1c0c6d214098,531 Divisadero St,US,San Francisco,United States,btwn Hayes & Fell St,"['531 Divisadero St (btwn Hayes & Fell St)', 'San Francisco, CA 94117', 'United States']","[{'label': 'display', 'lat': 37.77457655200334, 'lng': -122.4378085167028}]",37.77457655200334,-122.4378085167028,,94117,CA,Souvla,0,[],,Souvlaki Shop
64,0,"[{'summary': 'This spot is popular', 'type': 'general', 'reasonName': 'globalInteractionReason'}]",e-3-5af1201a029a55002cb9dcb5-64,"[{'id': '4bf58dd8d48988d16d941735', 'name': 'Café', 'pluralName': 'Cafés', 'shortName': 'Café', 'icon': {'prefix': 'https://ss3.4sqi.net/img/categories_v2/food/cafe_', 'suffix': '.png'}, 'primary': True}]",,,,,,,,,,5af1201a029a55002cb9dcb5,561 Valencia St,US,San Francisco,United States,,"['561 Valencia St', 'San Francisco, CA 94110', 'United States']","[{'label': 'display', 'lat': 37.763944, 'lng': -122.421667}]",37.763944,-122.421667,,94110,CA,Stonemill Matcha,0,[],489822959,Café
65,0,"[{'summary': 'This spot is popular', 'type': 'general', 'reasonName': 'globalInteractionReason'}]",e-3-55876ba3498e08016ede6a73-65,"[{'id': '4bf58dd8d48988d1ce941735', 'name': 'Seafood Restaurant', 'pluralName': 'Seafood Restaurants', 'shortName': 'Seafood', 'icon': {'prefix': 'https://ss3.4sqi.net/img/categories_v2/food/seafood_', 'suffix': '.png'}, 'primary': True}]",,,,,,,,,,55876ba3498e08016ede6a73,4542 Irving St,US,San Francisco,United States,btw 47th & 46th,"['4542 Irving St (btw 47th & 46th)', 'San Francisco, CA 94122', 'United States']","[{'label': 'display', 'lat': 37.762322600318484, 'lng': -122.50682653244286}]",37.762322600318484,-122.50682653244286,Outer Sunset,94122,CA,Hook Fish Co,0,[],,Seafood Restaurant
66,0,"[{'summary': 'This spot is popular', 'type': 'general', 'reasonName': 'globalInteractionReason'}]",e-3-4c95253c58d4b60cde9d2f29-66,"[{'id': '4bf58dd8d48988d16a941735', 'name': 'Bakery', 'pluralName': 'Bakeries', 'shortName': 'Bakery', 'icon': {'prefix': 'https://ss3.4sqi.net/img/categories_v2/food/bakery_', 'suffix': '.png'}, 'primary': True}]",335974,/delivery_provider_grubhub_20180129.png,https://fastly.4sqi.net/img/general/cap/,"[40, 50]",grubhub,https://www.grubhub.com/restaurant/the-cake-gallery-290-9th-st-san-francisco/335974?affiliate=1131&utm_source=foursquare-affiliate-network&utm_medium=affiliate&utm_campaign=1131&utm_content=335974,,,,4c95253c58d4b60cde9d2f29,290 9th St,US,San Francisco,United States,at Folsom,"['290 9th St (at Folsom)', 'San Francisco, CA 94103', 'United States']","[{'label': 'display', 'lat': 37.77399723081431, 'lng': -122.41188163792187}]",37.77399723081431,-122.41188163792187,,94103,CA,The Cake Gallery,0,[],,Bakery
67,0,"[{'summary': 'This spot is popular', 'type': 'general', 'reasonName': 'globalInteractionReason'}]",e-3-511c234119a980d7108a70b9-67,"[{'id': '4bf58dd8d48988d155941735', 'name': 'Gastropub', 'pluralName': 'Gastropubs', 'shortName': 'Gastropub', 'icon': {'prefix': 'https://ss3.4sqi.net/img/categories_v2/food/gastropub_', 'suffix': '.png'}, 'primary': True}]",,,,,,,,,,511c234119a980d7108a70b9,34 Mason St,US,San Francisco,United States,at Market St,"['34 Mason St (at Market St)', 'San Francisco, CA 94102', 'United States']","[{'label': 'display', 'lat': 37.78395632730013, 'lng': -122.40905642509459}]",37.78395632730013,-122.40905642509459,,94102,CA,Mikkeller Bar,0,[],,Gastropub
68,0,"[{'summary': 'This spot is popular', 'type': 'general', 'reasonName': 'globalInteractionReason'}]",e-3-4a01fbbdf964a5201c711fe3-68,"[{'id': '4bf58dd8d48988d146941735', 'name': 'Deli / Bodega', 'pluralName': 'Delis / Bodegas', 'shortName': 'Deli / Bodega', 'icon': {'prefix': 'https://ss3.4sqi.net/img/categories_v2/food/deli_', 'suffix': '.png'}, 'primary': True}]",325221,/delivery_provider_grubhub_20180129.png,https://fastly.4sqi.net/img/general/cap/,"[40, 50]",grubhub,https://www.grubhub.com/restaurant/molinari-delicatessen-373-columbus-ave-san-francisco/325221?affiliate=1131&utm_source=foursquare-affiliate-network&utm_medium=affiliate&utm_campaign=1131&utm_content=325221,,,,4a01fbbdf964a5201c711fe3,373 Columbus Ave,US,San Francisco,United States,at Vallejo St,"['373 Columbus Ave (at Vallejo St)', 'San Francisco, CA 94133', 'United States']","[{'label': 'display', 'lat': 37.79865500362825, 'lng': -122.40784674517495}]",37.79865500362825,-122.40784674517495,North Beach,94133,CA,Molinari Delicatessen,0,[],,Deli / Bodega
69,0,"[{'summary': 'This spot is popular', 'type': 'general', 'reasonName': 'globalInteractionReason'}]",e-3-5851bb0176b8b2224d9941d4-69,"[{'id': '4bf58dd8d48988d16a941735', 'name': 'Bakery', 'pluralName': 'Bakeries', 'shortName': 'Bakery', 'icon': {'prefix': 'https://ss3.4sqi.net/img/categories_v2/food/bakery_', 'suffix': '.png'}, 'primary': True}]",354637,/delivery_provider_grubhub_20180129.png,https://fastly.4sqi.net/img/general/cap/,"[40, 50]",grubhub,https://www.grubhub.com/restaurant/frena-bakery-132-6th-st-san-francisco/354637?affiliate=1131&utm_source=foursquare-affiliate-network&utm_medium=affiliate&utm_campaign=1131&utm_content=354637,,,,5851bb0176b8b2224d9941d4,132 6th St,US,San Francisco,United States,,"['132 6th St', 'San Francisco, CA 94103', 'United States']","[{'label': 'display', 'lat': 37.78050015142697, 'lng': -122.4082504232679}]",37.78050015142697,-122.4082504232679,,94103,CA,Frena Bakery and Cafe,0,[],390664852,Bakery
70,0,"[{'summary': 'This spot is popular', 'type': 'general', 'reasonName': 'globalInteractionReason'}]",e-3-4b0d8fe5f964a5201e4b23e3-70,"[{'id': '4bf58dd8d48988d1ca941735', 'name': 'Pizza Place', 'pluralName': 'Pizza Places', 'shortName': 'Pizza', 'icon': {'prefix': 'https://ss3.4sqi.net/img/categories_v2/food/pizza_', 'suffix': '.png'}, 'primary': True}]",,,,,,,,,,4b0d8fe5f964a5201e4b23e3,2175 Chestnut St,US,San Francisco,United States,Pierce St,"['2175 Chestnut St (Pierce St)', 'San Francisco, CA 94123', 'United States']","[{'label': 'display', 'lat': 37.800287000000004, 'lng': -122.43911022453688}]",37.800287000000004,-122.43911022453688,,94123,CA,Delarosa,0,[],54548135,Pizza Place
71,0,"[{'summary': 'This spot is popular', 'type': 'general', 'reasonName': 'globalInteractionReason'}]",e-3-56c91c06cd10c17322711665-71,"[{'id': '4bf58dd8d48988d1d2941735', 'name': 'Sushi Restaurant', 'pluralName': 'Sushi Restaurants', 'shortName': 'Sushi', 'icon': {'prefix': 'https://ss3.4sqi.net/img/categories_v2/food/sushi_', 'suffix': '.png'}, 'primary': True}]",,,,,,,,,,56c91c06cd10c17322711665,1335 Fulton St,US,San Francisco,United States,at Divisadero St,"['1335 Fulton St (at Divisadero St)', 'San Francisco, CA 94117', 'United States']","[{'label': 'display', 'lat': 37.77674279707642, 'lng': -122.43876965372021}]",37.77674279707642,-122.43876965372021,,94117,CA,j?-ni,0,[],,Sushi Restaurant
72,0,"[{'summary': 'This spot is popular', 'type': 'general', 'reasonName': 'globalInteractionReason'}]",e-3-548b976b498e8beca9ac6641-72,"[{'id': '4bf58dd8d48988d14e941735', 'name': 'American Restaurant', 'pluralName': 'American Restaurants', 'shortName': 'American', 'icon': {'prefix': 'https://ss3.4sqi.net/img/categories_v2/food/default_', 'suffix': '.png'}, 'primary': True}]",,,,,,,,,,548b976b498e8beca9ac6641,1525 Fillmore St,US,San Francisco,United States,btwn O'Farrell St & Geary Blvd,"[""1525 Fillmore St (btwn O'Farrell St & Geary Blvd)"", 'San Francisco, CA 94115', 'United States']","[{'label': 'display', 'lat': 37.78374466115743, 'lng': -122.43297199831427}]",37.78374466115743,-122.43297199831427,,94115,CA,The Progress,0,[],,American Restaurant
73,0,"[{'summary': 'This spot is popular', 'type': 'general', 'reasonName': 'globalInteractionReason'}]",e-3-558f6749498ee19e0ca67e24-73,"[{'id': '52e81612bcbc57f1066b79f4', 'name': 'Buffet', 'pluralName': 'Buffets', 'shortName': 'Buffet', 'icon': {'prefix': 'https://ss3.4sqi.net/img/categories_v2/food/default_', 'suffix': '.png'}, 'primary': True}]",,,,,,,,,,558f6749498ee19e0ca67e24,,US,San Francisco,United States,,"['San Francisco, CA', 'United States']","[{'label': 'display', 'lat': 37.78062063912917, 'lng': -122.3922912810398}]",37.78062063912917,-122.3922912810398,South Beach,,CA,Dropbox Tuck Shop,0,[],,Buffet
74,0,"[{'summary': 'This spot is popular', 'type': 'general', 'reasonName': 'globalInteractionReason'}]",e-3-5ae925e7c0f163002cc57349-74,"[{'id': '4bf58dd8d48988d1c4941735', 'name': 'Restaurant', 'pluralName': 'Restaurants', 'shortName': 'Restaurant', 'icon': {'prefix': 'https://ss3.4sqi.net/img/categories_v2/food/default_', 'suffix': '.png'}, 'primary': True}]",,,,,,,,,,5ae925e7c0f163002cc57349,1085 Mission St,US,San Francisco,United States,7th,"['1085 Mission St (7th)', 'San Francisco, CA 94103', 'United States']","[{'label': 'display', 'lat': 37.77942453003254, 'lng': -122.41047319701762}]",37.77942453003254,-122.41047319701762,SoMa,94103,CA,Birdsong,0,[],,Restaurant
75,0,"[{'summary': 'This spot is popular', 'type': 'general', 'reasonName': 'globalInteractionReason'}]",e-3-5459e645498e480913b7ee7b-75,"[{'id': '4bf58dd8d48988d111941735', 'name': 'Japanese Restaurant', 'pluralName': 'Japanese Restaurants', 'shortName': 'Japanese', 'icon': {'prefix': 'https://ss3.4sqi.net/img/categories_v2/food/japanese_', 'suffix': '.png'}, 'primary': True}]",,,,,,,,,,5459e645498e480913b7ee7b,82 14th St,US,San Francisco,United States,at Folsom St,"['82 14th St (at Folsom St)', 'San Francisco, CA 94103', 'United States']","[{'label': 'display', 'lat': 37.768754015994794, 'lng': -122.41513172755224}]",37.768754015994794,-122.41513172755224,,94103,CA,Rintaro,0,[],,Japanese Restaurant
76,0,"[{'summary': 'This spot is popular', 'type': 'general', 'reasonName': 'globalInteractionReason'}]",e-3-4bc3a2f974a9a5931edad4f6-76,"[{'id': '4bf58dd8d48988d144941735', 'name': 'Caribbean Restaurant', 'pluralName': 'Caribbean Restaurants', 'shortName': 'Caribbean', 'icon': {'prefix': 'https://ss3.4sqi.net/img/categories_v2/food/caribbean_', 'suffix': '.png'}, 'primary': True}]",,,,,,,,,,4bc3a2f974a9a5931edad4f6,1805 Haight St,US,San Francisco,United States,at Shrader St,"['1805 Haight St (at Shrader St)', 'San Francisco, CA 94117', 'United States']","[{'label': 'display', 'lat': 37.769290553430665, 'lng': -122.45211083196926}]",37.769290553430665,-122.45211083196926,,94117,CA,Parada 22,0,[],,Caribbean Restaurant
77,0,"[{'summary': 'This spot is popular', 'type': 'general', 'reasonName': 'globalInteractionReason'}]",e-3-3fd66200f964a520bdf11ee3-77,"[{'id': '4bf58dd8d48988d16a941735', 'name': 'Bakery', 'pluralName': 'Bakeries', 'shortName': 'Bakery', 'icon': {'prefix': 'https://ss3.4sqi.net/img/categories_v2/food/bakery_', 'suffix': '.png'}, 'primary': True}]",,,,,,,,,,3fd66200f964a520bdf11ee3,1331 9th Ave,US,San Francisco,United States,btwn Irving St & Judah St,"['1331 9th Ave (btwn Irving St & Judah St)', 'San Francisco, CA 94122', 'United States']","[{'label': 'display', 'lat': 37.763460832314976, 'lng': -122.4663110156837}]",37.763460832314976,-122.4663110156837,,94122,CA,Arizmendi Bakery,0,[],,Bakery
78,0,"[{'summary': 'This spot is popular', 'type': 'general', 'reasonName': 'globalInteractionReason'}]",e-3-56a7f7fa498e29aaf707c5d4-78,"[{'id': '4eb1bd1c3b7b55596b4a748f', 'name': 'Filipino Restaurant', 'pluralName': 'Filipino Restaurants', 'shortName': 'Filipino', 'icon': {'prefix': 'https://ss3.4sqi.net/img/categories_v2/food/filipino_', 'suffix': '.png'}, 'primary': True}]",,,,,,,,,,56a7f7fa498e29aaf707c5d4,552 Jones St,US,San Francisco,United States,at Geary St,"['552 Jones St (at Geary St)', 'San Francisco, CA 94102', 'United States']","[{'label': 'display', 'lat': 37.78647937415373, 'lng': -122.4131275886682}]",37.78647937415373,-122.4131275886682,,94102,CA,Tselogs,0,[],,Filipino Restaurant
79,0,"[{'summary': 'This spot is popular', 'type': 'general', 'reasonName': 'globalInteractionReason'}]",e-3-4ef52a378231b0d6238dd471-79,"[{'id': '4bf58dd8d48988d157941735', 'name': 'New American Restaurant', 'pluralName': 'New American Restaurants', 'shortName': 'New American', 'icon': {'prefix': 'https://ss3.4sqi.net/img/categories_v2/food/newamerican_', 'suffix': '.png'}, 'primary': True}]",,,,,,,,,,4ef52a378231b0d6238dd471,1529 Fillmore St,US,San Francisco,United States,btwn Geary & O'Farrell St,"[""1529 Fillmore St (btwn Geary & O'Farrell St)"", 'San Francisco, CA 94115', 'United States']","[{'label': 'display', 'lat': 37.78374261088443, 'lng': -122.43287398277053}]",37.78374261088443,-122.43287398277053,,94115,CA,State Bird Provisions,0,[],52310639,New American Restaurant
80,0,"[{'summary': 'This spot is popular', 'type': 'general', 'reasonName': 'globalInteractionReason'}]",e-3-4b00cb8ef964a520274122e3-80,"[{'id': '4bf58dd8d48988d157941735', 'name': 'New American Restaurant', 'pluralName': 'New American Restaurants', 'shortName': 'New American', 'icon': {'prefix': 'https://ss3.4sqi.net/img/categories_v2/food/newamerican_', 'suffix': '.png'}, 'primary': True}]",,,,,,,,,,4b00cb8ef964a520274122e3,3870 17th St,US,San Francisco,United States,at Pond St,"['3870 17th St (at Pond St)', 'San Francisco, CA 94114', 'United States']","[{'label': 'display', 'lat': 37.762765053846415, 'lng': -122.4321982578279}]",37.762765053846415,-122.4321982578279,,94114,CA,Frances,0,[],,New American Restaurant
81,0,"[{'summary': 'This spot is popular', 'type': 'general', 'reasonName': 'globalInteractionReason'}]",e-3-51896b72498e1bcc776ddaa8-81,"[{'id': '4bf58dd8d48988d1be941735', 'name': 'Latin American Restaurant', 'pluralName': 'Latin American Restaurants', 'shortName': 'Latin American', 'icon': {'prefix': 'https://ss3.4sqi.net/img/categories_v2/food/latinamerican_', 'suffix': '.png'}, 'primary': True}]",,,,,,,,,,51896b72498e1bcc776ddaa8,2516 Mission St,US,San Francisco,United States,btwn 21st St & 22nd St,"['2516 Mission St (btwn 21st St & 22nd St)', 'San Francisco, CA 94110', 'United States']","[{'label': 'display', 'lat': 37.75663072880085, 'lng': -122.41909831762428}]",37.75663072880085,-122.41909831762428,,94110,CA,El Techo,0,[],58515532,Latin American Restaurant
82,0,"[{'summary': 'This spot is popular', 'type': 'general', 'reasonName': 'globalInteractionReason'}]",e-3-49bed272f964a520e3541fe3-82,"[{'id': '4bf58dd8d48988d110941735', 'name': 'Italian Restaurant', 'pluralName': 'Italian Restaurants', 'shortName': 'Italian', 'icon': {'prefix': 'https://ss3.4sqi.net/img/categories_v2/food/italian_', 'suffix': '.png'}, 'primary': True}]",,,,,,,,,,49bed272f964a520e3541fe3,291 30th St,US,San Francisco,United States,at Church,"['291 30th St (at Church)', 'San Francisco, CA 94131', 'United States']","[{'label': 'display', 'lat': 37.74200800946477, 'lng': -122.42653101682663}]",37.74200800946477,-122.42653101682663,,94131,CA,La Ciccia,0,[],,Italian Restaurant
83,0,"[{'summary': 'This spot is popular', 'type': 'general', 'reasonName': 'globalInteractionReason'}]",e-3-52fa76e6498ee6bf78da4fc1-83,"[{'id': '4bf58dd8d48988d1ca941735', 'name': 'Pizza Place', 'pluralName': 'Pizza Places', 'shortName': 'Pizza', 'icon': {'prefix': 'https://ss3.4sqi.net/img/categories_v2/food/pizza_', 'suffix': '.png'}, 'primary': True}]",,,,,,,,,,52fa76e6498ee6bf78da4fc1,2347 3rd St,US,San Francisco,United States,btwn 22nd St & 20th St,"['2347 3rd St (btwn 22nd St & 20th St)', 'San Francisco, CA 94107', 'United States']","[{'label': 'display', 'lat': 37.759458689340335, 'lng': -122.3883352167837}]",37.759458689340335,-122.3883352167837,,94107,CA,Long Bridge Pizza Co.,0,[],95419286,Pizza Place
84,0,"[{'summary': 'This spot is popular', 'type': 'general', 'reasonName': 'globalInteractionReason'}]",e-3-587449b8abf6322f4435759f-84,"[{'id': '4bf58dd8d48988d1c5941735', 'name': 'Sandwich Place', 'pluralName': 'Sandwich Places', 'shortName': 'Sandwiches', 'icon': {'prefix': 'https://ss3.4sqi.net/img/categories_v2/food/deli_', 'suffix': '.png'}, 'primary': True}]",,,,,,,,,,587449b8abf6322f4435759f,222 Battery St,US,San Francisco,United States,,"['222 Battery St', 'San Francisco, CA 94111', 'United States']","[{'label': 'display', 'lat': 37.793617, 'lng': -122.4}]",37.793617,-122.4,Financial District,94111,CA,Homegrown,0,[],,Sandwich Place
85,0,"[{'summary': 'This spot is popular', 'type': 'general', 'reasonName': 'globalInteractionReason'}]",e-3-5453f24a498ecdd6e436e70e-85,"[{'id': '4bf58dd8d48988d14f941735', 'name': 'Southern / Soul Food Restaurant', 'pluralName': 'Southern / Soul Food Restaurants', 'shortName': 'Southern / Soul', 'icon': {'prefix': 'https://ss3.4sqi.net/img/categories_v2/food/southern_', 'suffix': '.png'}, 'primary': True}]",,,,,,,,,,5453f24a498ecdd6e436e70e,919 Divisadero St,US,San Francisco,United States,,"['919 Divisadero St', 'San Francisco, CA 94115', 'United States']","[{'label': 'display', 'lat': 37.77826524954494, 'lng': -122.43858377615564}]",37.77826524954494,-122.43858377615564,,94115,CA,Brenda's Meat & Three,0,[],105177887,Southern / Soul Food Restaurant
86,0,"[{'summary': 'This spot is popular', 'type': 'general', 'reasonName': 'globalInteractionReason'}]",e-3-49b1a93df964a520d9521fe3-86,"[{'id': '4bf58dd8d48988d16d941735', 'name': 'Café', 'pluralName': 'Cafés', 'shortName': 'Café', 'icon': {'prefix': 'https://ss3.4sqi.net/img/categories_v2/food/cafe_', 'suffix': '.png'}, 'primary': True}]",,,,,,,,,,49b1a93df964a520d9521fe3,2128 Folsom St,US,San Francisco,United States,btwn 17th & 18th St,"['2128 Folsom St (btwn 17th & 18th St)', 'San Francisco, CA 94110', 'United States']","[{'label': 'display', 'lat': 37.763233, 'lng': -122.415262}]",37.763233,-122.415262,,94110,CA,Stable Cafe,0,[],,Café
87,0,"[{'summary': 'This spot is popular', 'type': 'general', 'reasonName': 'globalInteractionReason'}]",e-3-4e33561de4cdf7a42ca5fba5-87,"[{'id': '4bf58dd8d48988d14c941735', 'name': 'Wings Joint', 'pluralName': 'Wings Joints', 'shortName': 'Wings', 'icon': {'prefix': 'https://ss3.4sqi.net/img/categories_v2/food/wings_', 'suffix': '.png'}, 'primary': True}]",,,,,,,,,,4e33561de4cdf7a42ca5fba5,1468 Hyde St,US,San Francisco,United States,at Jackson St,"['1468 Hyde St (at Jackson St)', 'San Francisco, CA 94109', 'United States']","[{'label': 'display', 'lat': 37.79457604054153, 'lng': -122.41808001790969}]",37.79457604054153,-122.41808001790969,,94109,CA,Hot Sauce and Panko,0,[],100449101,Wings Joint
88,0,"[{'summary': 'This spot is popular', 'type': 'general', 'reasonName': 'globalInteractionReason'}]",e-3-55319ec2498ee038ee77c144-88,"[{'id': '4bf58dd8d48988d14e941735', 'name': 'American Restaurant', 'pluralName': 'American Restaurants', 'shortName': 'American', 'icon': {'prefix': 'https://ss3.4sqi.net/img/categories_v2/food/default_', 'suffix': '.png'}, 'primary': True}]",,,,,,,,,,55319ec2498ee038ee77c144,1701 Octavia St,US,San Francisco,United States,at Bush St,"['1701 Octavia St (at Bush St)', 'San Francisco, CA 94109', 'United States']","[{'label': 'display', 'lat': 37.78793508418418, 'lng': -122.42693388300009}]",37.78793508418418,-122.42693388300009,,94109,CA,Octavia,0,[],,American Restaurant
89,0,"[{'summary': 'This spot is popular', 'type': 'general', 'reasonName': 'globalInteractionReason'}]",e-3-42b21280f964a5206c251fe3-89,"[{'id': '4bf58dd8d48988d1ca941735', 'name': 'Pizza Place', 'pluralName': 'Pizza Places', 'shortName': 'Pizza', 'icon': {'prefix': 'https://ss3.4sqi.net/img/categories_v2/food/pizza_', 'suffix': '.png'}, 'primary': True}]",,,,,,,,,,42b21280f964a5206c251fe3,1919 Hyde St,US,San Francisco,United States,btwn Green St & Delgado Pl,"['1919 Hyde St (btwn Green St & Delgado Pl)', 'San Francisco, CA 94109', 'United States']","[{'label': 'display', 'lat': 37.79857053617332, 'lng': -122.41895509472236}]",37.79857053617332,-122.41895509472236,,94109,CA,Za Pizza,0,[],100930605,Pizza Place
90,0,"[{'summary': 'This spot is popular', 'type': 'general', 'reasonName': 'globalInteractionReason'}]",e-3-5c687f93e1f0aa002c124962-90,"[{'id': '4bf58dd8d48988d113941735', 'name': 'Korean Restaurant', 'pluralName': 'Korean Restaurants', 'shortName': 'Korean', 'icon': {'prefix': 'https://ss3.4sqi.net/img/categories_v2/food/korean_', 'suffix': '.png'}, 'primary': True}]",,,,,,,,,,5c687f93e1f0aa002c124962,1620 Post St,US,San Francisco,United States,,"['1620 Post St', 'San Francisco, CA 94115', 'United States']","[{'label': 'display', 'lat': 37.785769, 'lng': -122.42853}]",37.785769,-122.42853,,94115,CA,Daeho,0,[],,Korean Restaurant
91,0,"[{'summary': 'This spot is popular', 'type': 'general', 'reasonName': 'globalInteractionReason'}]",e-3-4c95857cf7cfa1cd0aaebe15-91,"[{'id': '4bf58dd8d48988d1ca941735', 'name': 'Pizza Place', 'pluralName': 'Pizza Places', 'shortName': 'Pizza', 'icon': {'prefix': 'https://ss3.4sqi.net/img/categories_v2/food/pizza_', 'suffix': '.png'}, 'primary': True}]",,,,,,,,,,4c95857cf7cfa1cd0aaebe15,311 Divisadero St,US,San Francisco,United States,btwn Oak & Page St,"['311 Divisadero St (btwn Oak & Page St)', 'San Francisco, CA 94117', 'United States']","[{'label': 'display', 'lat': 37.77244056187205, 'lng': -122.4374771118164}]",37.77244056187205,-122.4374771118164,,94117,CA,Ragazza,0,[],91596989,Pizza Place
92,0,"[{'summary': 'This spot is popular', 'type': 'general', 'reasonName': 'globalInteractionReason'}]",e-3-4a6f9b3af964a52097d61fe3-92,"[{'id': '4bf58dd8d48988d16d941735', 'name': 'Café', 'pluralName': 'Cafés', 'shortName': 'Café', 'icon': {'prefix': 'https://ss3.4sqi.net/img/categories_v2/food/cafe_', 'suffix': '.png'}, 'primary': True}]",,,,,,,,,,4a6f9b3af964a52097d61fe3,1001 Minnesota St,US,San Francisco,United States,at 22nd St,"['1001 Minnesota St (at 22nd St)', 'San Francisco, CA 94107', 'United States']","[{'label': 'display', 'lat': 37.75773795347156, 'lng': -122.39014525841264}]",37.75773795347156,-122.39014525841264,,94107,CA,Piccino Cafe,0,[],89853003,Café
93,0,"[{'summary': 'This spot is popular', 'type': 'general', 'reasonName': 'globalInteractionReason'}]",e-3-5c0dd1ad5a2c91002c442f28-93,"[{'id': '4bf58dd8d48988d110941735', 'name': 'Italian Restaurant', 'pluralName': 'Italian Restaurants', 'shortName': 'Italian', 'icon': {'prefix': 'https://ss3.4sqi.net/img/categories_v2/food/italian_', 'suffix': '.png'}, 'primary': True}]",1041917,/delivery_provider_grubhub_20180129.png,https://fastly.4sqi.net/img/general/cap/,"[40, 50]",grubhub,https://www.grubhub.com/restaurant/gusto-pinsa-romana-1000-bush-st-san-francisco/1041917?affiliate=1131&utm_source=foursquare-affiliate-network&utm_medium=affiliate&utm_campaign=1131&utm_content=1041917,,,,5c0dd1ad5a2c91002c442f28,1000 Bush St,US,San Francisco,United States,,"['1000 Bush St', 'San Francisco, CA 94109', 'United States']","[{'label': 'display', 'lat': 37.789589, 'lng': -122.413849}]",37.789589,-122.413849,,94109,CA,Gusto Pinsa Romana,0,[],,Italian Restaurant
94,0,"[{'summary': 'This spot is popular', 'type': 'general', 'reasonName': 'globalInteractionReason'}]",e-3-42814b00f964a520ef211fe3-94,"[{'id': '4bf58dd8d48988d1ca941735', 'name': 'Pizza Place', 'pluralName': 'Pizza Places', 'shortName': 'Pizza', 'icon': {'prefix': 'https://ss3.4sqi.net/img/categories_v2/food/pizza_', 'suffix': '.png'}, 'primary': True}]",,,,,,,,,,42814b00f964a520ef211fe3,542 Green St,US,San Francisco,United States,at Grant,"['542 Green St (at Grant)', 'San Francisco, CA 94133', 'United States']","[{'label': 'display', 'lat': 37.79984, 'lng': -122.40807}]",37.79984,-122.40807,North Beach,94133,CA,Golden Boy Pizza,0,[],94904573,Pizza Place
95,0,"[{'summary': 'This spot is popular', 'type': 'general', 'reasonName': 'globalInteractionReason'}]",e-3-4c05a764191f20a11473e314-95,"[{'id': '4bf58dd8d48988d157941735', 'name': 'New American Restaurant', 'pluralName': 'New American Restaurants', 'shortName': 'New American', 'icon': {'prefix': 'https://ss3.4sqi.net/img/categories_v2/food/newamerican_', 'suffix': '.png'}, 'primary': True}]",,,,,,,,,,4c05a764191f20a11473e314,558 Sacramento St,US,San Francisco,United States,at Leidesdorff St,"['558 Sacramento St (at Leidesdorff St)', 'San Francisco, CA 94111', 'United States']","[{'label': 'display', 'lat': 37.793903, 'lng': -122.402272}]",37.793903,-122.402272,,94111,CA,Wayfare Tavern,0,[],90465826,New American Restaurant
96,0,"[{'summary': 'This spot is popular', 'type': 'general', 'reasonName': 'globalInteractionReason'}]",e-3-53a639f2498ea115343b351d-96,"[{'id': '4bf58dd8d48988d1ce941735', 'name': 'Seafood Restaurant', 'pluralName': 'Seafood Restaurants', 'shortName': 'Seafood', 'icon': {'prefix': 'https://ss3.4sqi.net/img/categories_v2/food/seafood_', 'suffix': '.png'}, 'primary': True}]",,,,,,,,,,53a639f2498ea115343b351d,803 Cortland Ave,US,San Francisco,United States,Folsom,"['803 Cortland Ave (Folsom)', 'San Francisco, CA 94110', 'United States']","[{'label': 'display', 'lat': 37.73893616825301, 'lng': -122.41447853867334}]",37.73893616825301,-122.41447853867334,,94110,CA,Red Hill Station,0,[],,Seafood Restaurant
97,0,"[{'summary': 'This spot is popular', 'type': 'general', 'reasonName': 'globalInteractionReason'}]",e-3-3fd66200f964a52052ed1ee3-97,"[{'id': '4bf58dd8d48988d10c941735', 'name': 'French Restaurant', 'pluralName': 'French Restaurants', 'shortName': 'French', 'icon': {'prefix': 'https://ss3.4sqi.net/img/categories_v2/food/french_', 'suffix': '.png'}, 'primary': True}]",,,,,,,,,,3fd66200f964a52052ed1ee3,1 Mission St,US,San Francisco,United States,at Steuart,"['1 Mission St (at Steuart)', 'San Francisco, CA 94105', 'United States']","[{'label': 'display', 'lat': 37.7935138152103, 'lng': -122.39289259052474}]",37.7935138152103,-122.39289259052474,,94105,CA,Boulevard,0,[],,French Restaurant
98,0,"[{'summary': 'This spot is popular', 'type': 'general', 'reasonName': 'globalInteractionReason'}]",e-3-47bae8a8f964a520d14d1fe3-98,"[{'id': '4bf58dd8d48988d1c5941735', 'name': 'Sandwich Place', 'pluralName': 'Sandwich Places', 'shortName': 'Sandwiches', 'icon': {'prefix': 'https://ss3.4sqi.net/img/categories_v2/food/deli_', 'suffix': '.png'}, 'primary': True}]",549280,/delivery_provider_grubhub_20180129.png,https://fastly.4sqi.net/img/general/cap/,"[40, 50]",grubhub,https://www.grubhub.com/restaurant/submarine-center-820-ulloa-st-san-francisco/549280?affiliate=1131&utm_source=foursquare-affiliate-network&utm_medium=affiliate&utm_campaign=1131&utm_content=549280,,,,47bae8a8f964a520d14d1fe3,820 Ulloa St,US,San Francisco,United States,at Claremont Blvd,"['820 Ulloa St (at Claremont Blvd)', 'San Francisco, CA 94127', 'United States']","[{'label': 'display', 'lat': 37.74082687756648, 'lng': -122.46546663919555}]",37.74082687756648,-122.46546663919555,,94127,CA,Submarine Center,0,[],,Sandwich Place
99,0,"[{'summary': 'This spot is popular', 'type': 'general', 'reasonName': 'globalInteractionReason'}]",e-3-4bc38e68abf49521beedc393-99,"[{'id': '4bf58dd8d48988d16c941735', 'name': 'Burger Joint', 'pluralName': 'Burger Joints', 'shortName': 'Burgers', 'icon': {'prefix': 'https://ss3.4sqi.net/img/categories_v2/food/burger_', 'suffix': '.png'}, 'primary': True}]",,,,,,,,,,4bc38e68abf49521beedc393,2304 Market St,US,San Francisco,United States,at 16th St,"['2304 Market St (at 16th St)', 'San Francisco, CA 94114', 'United States']","[{'label': 'display', 'lat': 37.76402414195907, 'lng': -122.43370324373245}]",37.76402414195907,-122.43370324373245,,94114,CA,Super Duper Burgers,0,[],,Burger Joint
